{
  "coord_center": [
    -0.0009007453918457031,
    0.25011855363845825,
    1.7136335372924805e-06
  ],
  "coord_half": [
    0.3511468768119812,
    0.7483100891113281,
    0.3511446714401245
  ],
  "omega_max": 350.0,
  "U_mean": [
    0.00039994888356886804,
    -0.006587815470993519,
    0.0006791004561819136
  ],
  "U_std": [
    0.01153251901268959,
    0.010148879140615463,
    0.00987277366220951
  ],
  "p_mean": -0.00010961211955873296,
  "p_std": 0.00030657576280646026,
  "k_mean": 1.0389821909484453e-06,
  "k_std": 2.2989777335169492e-06,
  "nut_mean": 4.5192740799393505e-05,
  "nut_std": 0.00019108496780972928,
  "logom_mean": 8.24393081665039,
  "logom_std": 2.9945669174194336,
  "edge_mean": [
    -7.401687980745919e-06,
    -3.188352138749906e-06,
    -8.222286851378158e-06,
    0.002828483236953616
  ],
  "edge_std": [
    0.004316867794841528,
    0.004342570435255766,
    0.0042929272167384624,
    0.006952941883355379
  ]
}